tweetid,sentiment
697253,1
94360,1
704751,0
953950,-1
416734,1
427186,-1
507158,1
820801,1
199878,1
306574,1
212231,1
572147,1
19400,2
421755,0
17292,2
924078,1
864293,2
997790,0
249997,1
853388,1
815966,1
706679,1
124933,1
307181,2
581196,1
253720,2
721596,0
581394,2
189990,0
383885,1
537008,1
438745,1
275711,1
794910,1
950351,1
714622,1
653594,1
399479,1
976822,1
709651,2
52152,1
851572,0
94054,2
952523,2
864799,-1
777709,0
340061,1
238059,1
383108,1
778336,2
587826,1
73156,0
274363,1
85674,2
993344,1
482952,1
927897,1
192010,1
739739,1
353496,2
115499,1
58360,1
696229,2
713105,1
44188,0
982914,2
734712,0
242321,1
223412,1
64303,1
498037,1
692608,1
847014,2
20673,1
453830,1
116325,2
214870,1
492572,1
426131,1
63075,1
257397,1
987517,1
650958,1
785207,1
446558,2
374364,1
607660,-1
247365,1
532411,1
856102,2
688213,2
940946,1
648222,-1
414172,1
451444,2
381245,0
631729,0
151664,-1
489145,1
127777,0
776324,1
744499,2
524993,1
27762,1
350977,2
700038,1
649666,1
795039,0
671795,0
434570,0
388174,0
278550,0
879560,2
450644,1
385428,0
789942,1
42867,1
760796,1
532594,2
594855,1
534410,1
203618,2
271418,1
214308,1
360351,2
874452,-1
937869,1
697528,2
108346,1
22260,0
279844,2
165575,1
554354,2
656841,2
222179,2
519866,2
638215,2
505760,2
792362,1
234113,1
382820,1
695685,1
851539,2
664403,2
241759,2
157704,1
344603,1
221499,1
772230,1
62742,1
828133,1
998969,1
415640,-1
954094,0
573917,1
256204,0
472256,2
969723,1
715590,1
453336,1
821054,1
357058,1
844298,1
566784,2
182649,1
273458,1
555788,1
903012,1
549583,2
816369,1
931524,2
41300,2
67913,0
613361,1
390823,1
396978,1
85424,1
126456,0
786331,1
360274,1
109237,-1
826992,2
520217,1
462759,1
715697,1
509208,1
583279,1
667936,2
56708,1
702590,0
508402,2
765897,1
754069,-1
542453,2
925076,0
594701,1
652637,1
348235,2
722780,1
271923,1
703338,1
286450,0
409407,1
758426,0
976341,0
699127,2
471546,1
368546,1
715981,1
873008,1
627423,2
470737,0
839779,2
411497,1
429496,2
164468,1
174496,2
987340,1
832158,0
880867,1
971309,2
712101,2
535382,0
280175,0
843928,1
689005,1
351267,0
649226,1
965888,1
915578,1
120137,1
98454,1
853233,1
359844,1
546630,2
22440,0
413788,0
74852,0
190633,1
202174,1
717118,1
172389,1
359180,1
161668,1
332605,1
631403,1
786572,2
277693,0
967798,1
247154,1
943225,1
512117,0
911292,2
541277,1
324799,1
14846,-1
972432,1
123642,1
424138,1
956682,0
218727,0
32805,1
418051,1
64788,0
531710,1
70377,1
390332,1
635245,0
436496,0
498062,1
73874,1
289982,1
552640,1
480989,-1
836762,1
206571,1
456497,1
325260,2
604895,1
245182,0
143857,0
998626,0
607572,0
83340,0
641830,1
597419,-1
171971,1
299700,1
615568,1
346076,1
555942,0
218086,1
904656,1
177735,2
877758,1
523270,2
289131,0
983104,1
314778,1
420808,1
901969,1
692264,1
88124,0
487519,1
187779,-1
238028,1
733569,1
534733,-1
545074,1
151872,2
135384,1
306531,1
304853,1
195050,1
322904,1
759303,1
543956,0
747579,1
536473,0
487912,1
813423,0
207515,1
136081,0
159729,0
29991,0
810531,1
509747,1
476997,1
772528,-1
764267,1
208921,-1
547924,1
773066,2
114338,1
819696,1
698626,1
55575,1
697000,1
616308,1
308538,2
741687,1
148194,2
752859,1
312107,1
701675,1
409811,1
399045,0
154687,1
863360,0
149904,1
829060,1
958767,2
143702,0
966676,1
202737,0
969542,2
151024,2
363533,1
245303,2
236496,1
81433,1
349570,0
756132,1
776617,1
961576,1
114476,1
273353,2
297922,2
128590,1
216417,1
926098,1
898788,1
961912,1
455267,2
332304,2
601805,-1
370858,1
94973,2
215501,2
693927,1
204039,1
580177,2
37645,2
91669,1
675796,1
628114,1
586231,1
850472,0
598595,1
989978,1
526396,1
395391,1
121733,1
993375,1
767794,-1
913768,2
572050,-1
933189,1
962653,1
548620,1
129807,-1
236588,1
92945,0
485794,1
984334,1
467737,1
118708,2
636863,-1
867127,0
110608,2
85014,2
686448,1
545390,1
610360,1
454453,0
507444,1
497110,2
352416,1
314124,0
875001,0
85426,1
994118,-1
554247,2
728100,1
708788,0
148305,0
308435,1
46425,2
680633,2
715291,2
154320,1
860477,1
331928,1
664220,2
119300,2
269846,0
715289,2
459795,2
903770,1
445815,1
595710,1
172915,2
343382,0
533025,1
594647,1
680896,0
373757,1
305503,1
15238,1
780824,1
573736,1
39226,1
484571,1
668444,0
110626,1
216530,1
542608,1
515441,1
768690,1
592700,1
568225,1
12265,2
371104,1
828143,-1
630990,1
425118,1
984785,0
941306,-1
781539,2
441353,1
63522,1
604192,2
910135,2
15562,1
487063,2
791327,1
367584,1
146456,0
428009,1
574051,2
914500,1
553499,1
990131,1
547115,2
180746,1
243423,1
691292,0
494782,1
92938,1
406801,1
365751,1
492137,1
983087,1
238278,1
562554,2
436984,2
382618,0
217046,1
122182,1
330539,1
840763,1
180077,1
843456,1
763098,1
665761,2
307036,1
960809,1
704900,1
267313,1
294205,1
315445,1
796234,1
570840,2
71399,1
43709,0
53404,1
605818,2
718228,2
731073,2
929483,0
490176,-1
940313,2
601488,2
15158,1
196308,2
62594,1
543263,2
506376,1
302899,1
427008,1
290380,1
589340,1
623135,1
584136,1
739588,1
112435,-1
674554,-1
527178,1
913637,2
68911,1
489784,0
518506,2
607600,1
884893,0
298996,1
67114,1
914203,2
716621,1
172197,1
566474,0
803411,0
16095,1
581936,1
824370,1
173300,1
832347,0
525855,2
900053,2
415332,0
309099,1
263169,2
498487,2
855713,2
398500,2
663686,1
462102,2
386474,1
695442,1
900452,1
716118,1
351255,1
94992,2
875203,2
840074,1
23477,1
453436,0
27121,2
185698,1
52308,0
570180,1
335297,1
696697,0
224127,1
241299,1
591847,2
363773,1
90455,0
125343,-1
631468,0
718597,2
890039,0
455565,2
518772,2
987558,1
225508,1
162636,2
812829,2
927477,2
874692,2
517808,2
976552,0
484298,1
640658,2
358130,2
394981,-1
259378,-1
115813,1
661401,0
344320,1
601210,2
693367,1
619853,1
86084,1
19946,1
757167,1
633307,1
633454,1
825742,2
30410,1
713574,1
443242,0
908685,0
42166,1
837702,1
113181,2
58511,1
841350,1
798646,1
800287,1
638085,2
656322,1
176580,2
718471,1
994966,2
129845,1
918097,2
806050,0
795513,1
337214,1
520925,2
258340,1
421330,1
3666,1
844507,1
841609,2
172154,2
398851,1
264413,1
172913,1
956648,2
627765,1
353911,1
164843,0
65754,0
893828,0
148434,1
428306,1
575575,2
874765,2
131559,1
490022,1
877876,-1
165906,1
863556,1
114160,2
358218,1
87463,2
79928,1
906886,2
843605,1
251144,1
994487,2
930920,1
680580,2
595297,1
441430,1
454686,2
176885,1
768531,1
297877,0
207436,1
327878,1
968728,1
249388,2
992405,1
921581,-1
231605,1
504402,1
354322,1
530070,1
179246,1
578169,1
595252,1
287866,1
809373,-1
31852,1
524534,1
634409,-1
687105,2
776251,2
330023,0
860451,2
186316,1
481475,2
554771,2
986148,2
115533,2
23615,2
70902,1
234776,-1
610307,1
596641,1
565424,1
376431,1
77812,1
804502,1
678292,1
516101,2
978586,0
910558,1
749370,2
635707,1
368333,1
894872,1
118312,2
822037,1
260425,2
294936,2
447771,1
767851,2
475492,1
24267,1
355927,2
926694,1
265106,1
4646,1
505155,1
818849,1
427300,1
158579,1
966434,1
472563,1
782321,-1
660141,1
821437,1
520364,2
416497,2
502548,0
409169,1
664005,1
218239,1
104336,1
499658,1
690597,1
967277,1
198099,2
531151,2
695107,2
76644,-1
118578,1
460947,1
947536,0
702574,2
202091,1
950375,2
750993,0
793224,1
680957,2
775770,1
828451,2
385870,0
494110,1
178242,-1
958441,1
128354,2
629228,2
351088,1
450513,1
52097,1
227716,1
917209,1
269159,2
799496,0
293808,1
387245,2
213638,0
330961,1
359901,1
274641,1
281648,1
233753,1
763370,2
628024,-1
99493,0
463863,1
866181,1
962833,1
128614,1
406411,1
421710,0
69522,1
802407,1
916873,2
924307,1
757269,1
780676,1
124935,2
672785,1
723460,1
415106,1
145148,1
770008,0
703449,1
881152,1
228279,0
8931,1
359914,1
141059,1
401917,0
424153,1
724349,1
341356,1
38803,1
320062,1
321428,1
908263,2
203701,2
357959,1
952984,0
690872,1
9515,1
193620,1
639609,0
606330,1
276561,1
991419,-1
266255,1
135623,1
386469,1
543890,1
197958,1
759970,1
194183,0
865168,2
399482,2
596842,2
238188,1
435319,1
777500,-1
436214,1
61417,2
949956,1
610105,2
466329,2
85278,1
515165,1
540999,1
120797,1
217440,2
776445,1
130693,1
789069,0
508433,1
322809,-1
552813,2
35582,0
835760,1
463174,1
564172,1
309836,-1
376526,0
857394,1
495809,2
409568,2
590065,1
591608,0
424355,0
241330,0
868417,1
940787,-1
118997,1
148556,1
989138,1
166651,1
598897,1
578607,1
842216,1
690093,1
291463,0
146590,0
934068,-1
372514,1
636386,1
786257,1
453845,2
865205,1
370400,1
577424,1
574176,1
214549,1
902337,1
504924,2
915960,1
446076,1
643372,1
67878,1
48543,1
45733,2
467745,2
800349,1
123660,2
891447,1
866853,2
802803,1
150591,1
616151,1
180675,1
105178,1
432749,1
776056,2
881190,2
522163,1
92038,1
825269,1
429174,2
755727,2
681769,1
781051,1
930628,0
267455,0
577061,2
259718,1
981643,1
758745,1
53275,1
549180,1
992665,0
957257,1
164214,2
18417,1
25529,1
863976,-1
237234,0
364583,1
528840,1
709548,2
530990,-1
727024,1
513758,1
779540,1
964744,1
157093,1
990860,1
132728,1
431941,1
214099,-1
396204,1
514116,2
804707,1
759150,1
500147,0
707488,2
841666,1
816074,2
978381,1
613254,1
781618,1
607491,1
799740,1
447889,1
772672,1
909695,2
261799,1
465930,0
640568,2
88226,2
496428,1
103311,1
269522,1
954978,-1
163302,1
719685,1
760013,1
598836,1
683663,2
541404,1
514038,1
474701,2
398153,1
64238,2
462891,1
938553,1
280722,1
264814,2
165855,1
905648,0
611406,1
171571,2
126782,2
832668,1
952092,1
537897,0
658862,1
443192,1
802214,1
107860,1
714969,1
950331,-1
731006,2
252763,1
700697,1
65937,1
548335,1
690794,2
579003,1
574574,-1
414626,-1
656199,2
645732,2
559281,1
784202,1
447227,0
822688,1
426353,1
817014,1
661212,1
879534,2
969594,1
418990,2
123271,1
127390,1
269867,1
866899,1
804244,1
45081,1
590444,0
290896,1
534718,1
623312,2
5898,2
990955,1
554703,2
811628,-1
922717,1
898618,2
169280,1
321540,1
866812,2
409513,1
262782,1
495398,2
199460,1
221542,1
664973,2
17312,1
623278,1
989643,0
338154,0
706200,1
841312,0
136529,2
801941,2
889195,1
59767,2
352544,0
10104,-1
457788,2
634591,1
719879,1
69027,1
886663,1
430892,0
889422,2
748457,1
494866,1
251353,1
280603,2
561842,1
896080,2
505591,2
642516,2
16014,1
126756,0
632586,1
575084,2
549330,-1
874926,-1
105379,1
629809,1
537632,1
910375,1
476610,1
111883,1
180501,2
587958,0
640149,1
36952,1
883596,1
116517,2
387389,1
303551,0
213315,1
686493,1
243818,1
257864,1
476413,1
874072,1
595982,0
665198,1
285088,1
461635,1
379913,1
826014,2
399754,1
993481,0
905155,1
343433,2
636952,1
48198,1
244916,1
878431,2
801467,1
424479,2
710230,2
734435,-1
109303,1
78092,2
232803,1
190289,2
7628,2
140876,0
821972,1
837858,1
238223,1
417331,1
255521,1
221004,0
224546,1
278893,2
209774,1
98522,1
801002,1
47666,1
174073,1
208561,1
370344,1
52535,1
61141,-1
210479,1
286263,1
292060,1
839111,2
579928,1
405530,1
299019,2
154078,1
131558,1
512598,-1
535814,2
779885,2
140919,1
841847,-1
356934,2
321014,2
708143,0
714345,1
988356,1
105364,1
307252,1
580881,1
194123,2
566159,0
626425,1
831615,1
98325,1
245987,0
376627,1
285158,0
325238,1
387685,1
94646,2
434149,0
406234,1
907466,0
692670,1
837659,1
69811,1
260745,2
556097,1
493956,0
648002,1
819684,2
386438,2
384248,1
646951,1
486452,1
41127,1
163571,0
108444,1
600902,1
62469,2
377806,2
443804,0
334099,1
332179,1
103129,2
704893,1
564418,2
505172,1
913102,1
790592,0
527905,2
799940,1
49425,1
238348,2
109671,1
815682,1
196836,2
925888,1
391627,1
457988,-1
660188,2
714648,1
208265,1
587566,1
493216,0
542404,1
727087,1
98231,1
676893,2
337622,1
674934,1
610326,0
240268,2
127313,1
448942,1
866378,1
22153,1
536961,2
807307,1
764214,2
337939,1
468512,2
183150,1
528009,1
746872,1
266580,1
491670,1
697923,1
169458,1
464009,1
335595,1
606875,2
435961,1
90942,-1
635334,2
6390,2
948499,1
209197,1
704620,0
695856,1
765038,1
376402,0
448205,1
818167,1
386623,1
644119,2
61451,2
376167,2
670849,0
737991,1
163669,2
907220,1
864150,1
396835,2
608790,-1
799317,1
80667,2
552135,1
844370,1
563482,2
6202,2
933467,0
561387,0
532585,-1
986632,0
705165,1
884161,1
59091,1
93561,1
518606,2
481859,1
24891,-1
875775,1
31378,0
641764,2
533194,2
957777,1
584785,2
466205,1
62251,2
441274,1
770514,0
491810,1
232065,2
37708,1
247258,1
92687,1
77011,2
482214,1
195095,1
414945,1
786042,1
511194,1
351054,1
174502,1
629608,1
978907,1
54143,1
545019,1
750365,0
478005,0
170788,1
981561,1
353514,0
894681,1
647101,1
834208,1
850735,1
371076,1
186489,1
669941,1
126596,0
26384,0
943000,2
133423,-1
998998,1
936011,1
856075,1
747327,1
915745,1
102585,1
198830,1
290514,1
531998,2
296403,2
599744,1
412953,1
121066,1
697715,2
278268,2
823700,1
258495,2
774115,0
61750,0
820771,1
638146,1
488963,1
985425,1
745492,2
754788,2
917519,1
932966,0
536280,-1
515357,1
762399,1
764103,-1
367019,2
764615,2
384830,1
924196,2
675381,-1
198764,-1
533019,2
746460,1
512076,-1
79648,1
502315,1
482906,1
627221,2
712388,1
8984,1
984606,1
124186,2
503060,1
954879,2
365913,1
518005,1
155994,2
538765,1
950902,-1
578979,0
223157,1
626489,-1
744661,2
610880,1
536326,1
242977,-1
360268,2
834946,1
978657,0
398201,1
240239,1
879596,1
355541,1
507173,1
820636,1
306815,1
617174,-1
291117,1
993106,1
375741,2
417710,1
538450,2
616954,2
770171,1
948588,2
486307,1
310470,2
448270,1
154857,2
173637,1
743732,2
706544,1
113750,2
38058,2
975763,1
923140,1
153779,2
671860,1
812533,1
66411,1
982918,1
892008,2
607528,1
624679,1
671573,1
270553,1
451487,1
66868,1
577280,2
650830,1
302967,1
516752,0
136343,2
860618,1
627297,1
397848,1
578315,2
474521,1
291484,1
586514,1
652161,2
456835,1
989469,1
140048,2
597291,1
847635,1
795608,2
574493,1
947005,1
265543,1
993936,1
269807,2
176146,2
305229,1
295134,1
138512,1
956795,1
9318,0
581065,2
500400,1
338782,1
567753,1
413678,1
796450,1
85570,1
309437,0
242240,1
658092,2
285874,1
597027,-1
679933,1
67416,1
739006,1
296097,0
548695,0
215033,2
380372,1
634603,0
675061,1
363192,2
67921,1
734756,-1
962841,1
587955,1
368077,1
969446,0
959249,2
945393,1
696569,1
563904,1
221441,0
432987,2
40524,1
740194,0
524591,1
279319,1
226133,0
727369,1
981034,2
356865,0
834491,1
41220,1
906245,2
33000,1
117311,2
767339,1
225985,1
796876,1
955035,0
309102,1
99725,1
646445,1
191354,1
381545,2
779682,1
944773,2
577489,1
873430,1
728250,-1
398929,1
54128,1
842420,0
503702,1
775890,1
341717,2
754760,0
263118,1
434038,1
925923,1
966512,1
708422,1
795372,2
975778,2
188813,1
413065,1
189954,1
973252,2
506110,1
176958,1
193852,2
48933,1
47833,1
259978,1
480015,1
157696,2
832429,0
706347,0
135574,2
215399,1
118857,1
745426,1
366640,1
597779,1
492265,0
987890,1
96059,0
490711,1
735799,1
23235,1
760102,1
206285,1
663047,1
661868,1
924682,2
602037,1
798938,1
218202,2
929002,1
448822,1
415262,1
374814,1
156998,-1
725909,1
692250,1
754608,0
497406,1
708881,1
435450,1
789044,1
702797,1
373837,1
972086,1
796468,1
142735,2
15147,1
632119,1
310105,2
924119,1
643905,1
134012,2
197691,2
376661,2
811545,2
125239,1
248365,1
194330,0
755424,0
452046,2
254184,0
913557,2
493791,1
994553,2
102166,1
78889,2
222820,-1
534986,1
898723,2
33253,1
575074,2
263430,2
17656,2
717085,1
211075,1
409011,1
712620,1
1983,1
994443,-1
68672,1
717386,2
561857,1
612851,1
190803,1
996244,-1
67703,1
308271,1
516314,2
499119,1
887367,1
309279,1
383631,-1
945753,1
95780,0
530634,2
124596,2
298059,1
811135,1
233503,-1
474573,0
218842,1
369549,1
852880,0
902924,-1
341928,1
930214,0
943302,1
332345,1
26642,1
835972,1
299954,2
516909,1
58904,1
848487,2
999022,1
733643,2
625221,1
642782,1
741063,1
292937,2
886081,1
748633,2
811630,1
869143,1
440164,2
519089,-1
952907,1
945020,1
922713,1
677083,2
37705,1
405469,0
281623,1
694668,1
897666,1
901440,0
198951,1
384262,1
841680,2
766959,2
100375,2
90958,1
323925,1
605841,1
748712,1
515661,1
894904,2
108076,1
131620,1
207889,1
46657,1
335569,1
957691,2
292921,1
13676,1
435398,1
455172,1
168416,1
547518,2
620217,1
739293,1
72722,1
322312,2
720594,1
183295,0
652808,1
246438,1
682047,2
881976,1
191895,1
588506,1
502158,1
64219,1
683225,1
959126,1
854140,1
111139,1
127065,1
126028,-1
438635,1
55387,1
746180,2
908520,2
237923,1
664510,1
146542,1
776201,1
31192,1
137549,1
517059,1
635831,1
385227,1
545,2
568858,2
155705,1
814296,1
262334,1
972404,2
555623,-1
573476,1
825444,1
239522,2
307497,2
242673,1
902806,1
623223,2
245892,-1
194339,2
497991,1
549338,1
538295,1
873508,-1
10175,1
638660,1
352149,1
851622,2
606812,1
645277,2
250096,1
679895,2
24585,2
559889,1
599120,1
379705,1
183775,1
910937,2
186152,1
852687,1
824167,-1
272192,0
666414,1
603569,1
592304,2
117733,2
958176,2
872901,2
918524,1
598873,1
647496,2
180450,1
580491,0
570177,1
387345,1
275876,1
90096,2
820364,0
172797,0
476149,2
281533,1
822967,2
880134,-1
996729,1
794536,1
312046,2
682898,1
601629,1
22580,1
463091,1
548864,1
835719,1
87923,1
675422,1
55445,1
245157,2
901103,0
419308,0
872242,0
21879,2
362222,1
976675,1
830420,2
859249,2
603751,1
900595,1
91664,2
264878,-1
257245,1
994537,2
698283,2
800135,2
922041,1
947494,1
293220,1
951673,0
320669,1
778011,1
335243,1
951826,2
630319,1
745696,1
364113,0
906240,2
468261,2
810563,1
659380,2
98306,1
885589,1
792554,1
497030,1
864474,1
126133,2
690029,2
573590,1
356161,1
529406,1
990100,1
789353,0
339578,1
477615,1
794824,1
807781,1
654869,0
212166,2
286783,1
884576,2
534906,1
519205,2
904470,2
665275,2
76821,1
190503,1
363521,0
912293,0
669283,-1
318777,2
80310,1
342449,1
65716,1
551742,2
619078,1
490993,0
943661,1
433941,2
315479,1
666500,2
350713,1
311276,1
991922,2
822427,2
159420,-1
936898,0
462302,1
399003,0
229482,1
264561,1
930332,1
645159,1
20861,1
380106,0
859620,-1
927633,1
790223,1
420911,1
779000,1
607788,0
606671,1
137416,0
355079,0
375937,-1
985447,1
836816,1
206460,1
307381,2
593814,1
224729,0
660494,1
372705,1
908000,1
732888,0
300740,0
611856,1
906254,2
635492,1
113551,1
617695,1
39303,1
641479,-1
513441,0
869095,1
940394,-1
71679,1
772449,1
2279,1
588498,2
749016,2
157993,1
793280,1
383448,0
174942,1
174011,1
985564,1
54399,1
947592,1
356739,2
514609,1
631797,1
727638,1
428638,-1
976207,1
7565,1
341205,-1
368581,-1
493745,-1
262313,1
410608,1
929720,1
102122,1
311949,2
803579,1
494795,0
172574,2
38436,2
856539,1
709019,1
962006,0
697778,0
269572,2
478873,2
862133,0
122553,1
816191,1
346903,1
494534,-1
600722,1
335928,1
606293,0
873521,1
44503,2
227502,1
681131,0
482982,0
401029,1
424490,1
892312,-1
909704,1
20972,1
107048,1
504238,1
192155,0
411401,1
769130,2
650843,2
253291,0
91495,1
471156,1
576998,2
346654,1
245730,1
734432,-1
412372,2
316315,1
973385,1
971047,1
128095,1
881219,1
208932,1
41925,1
896213,1
646506,2
259583,1
768236,1
223007,0
713368,1
821686,1
503748,1
859458,2
933124,1
168377,0
503511,2
13730,2
164761,1
36827,1
571996,1
16343,2
775485,2
595644,1
134252,1
106270,1
698879,1
398951,1
576305,2
967897,1
438340,0
837907,1
457699,1
510603,1
869330,1
861003,1
423544,2
307255,2
287553,1
531742,1
537653,1
55713,2
584270,0
563695,2
601894,0
796892,1
502413,2
524987,1
702998,-1
609574,1
106789,1
832857,2
69418,0
82408,1
277234,1
662335,1
326616,2
268134,1
873443,2
319691,1
932133,1
70752,1
899648,1
393489,2
969066,-1
34004,0
641467,1
338893,1
455405,2
739975,2
117627,0
295986,1
767522,1
517732,1
514860,1
211705,1
709571,1
511534,1
649350,0
503876,0
514473,2
38179,2
461192,1
803582,1
941829,1
912195,2
806808,1
887669,0
992553,0
870237,1
48567,1
962949,1
331861,1
465869,2
779356,1
576913,-1
749093,0
581096,1
467565,1
771036,1
95494,2
312066,1
968934,1
937918,1
987669,1
810915,1
345811,-1
504628,2
77154,-1
655818,0
984848,1
592796,2
309861,0
824203,1
584364,2
446652,1
514953,2
743277,0
88109,1
398470,0
142300,1
385714,0
446382,1
922165,1
501365,1
796449,1
405501,1
115426,2
959440,2
453507,1
335492,1
450418,1
62987,1
660724,1
813556,1
409225,1
90889,2
98572,1
990731,2
66263,1
165721,1
140403,1
764617,2
199118,1
593821,2
621317,0
303207,2
505695,2
807043,1
60711,1
798942,1
887502,1
476926,1
121197,1
242576,1
145203,0
590046,1
656850,1
375664,2
601985,0
183442,1
859195,1
810657,1
732641,1
497097,1
178200,1
528976,1
386831,1
749940,2
510481,1
5835,1
125962,1
630867,1
839126,2
489087,1
617558,1
17859,1
466031,0
824763,1
41485,1
574989,1
997361,1
287832,1
900018,1
108383,2
304452,2
665188,1
202656,1
519564,2
462262,1
686656,2
654623,1
629020,1
140404,1
840343,1
350389,1
89713,1
446785,1
733338,0
43933,1
482522,1
796370,2
59492,1
171650,2
867921,2
774857,2
408648,2
473486,2
537121,1
312681,0
688645,1
967347,-1
941212,1
309958,1
815356,1
947664,0
517866,1
60563,0
878552,2
426069,1
705222,1
470865,2
756129,1
607533,1
363718,1
799679,2
650837,1
169522,1
326252,1
21997,2
43446,1
415534,0
513561,1
145256,-1
959584,1
44676,2
866846,1
502291,1
780121,2
459676,1
617584,-1
934398,2
698946,1
264588,1
828529,1
528924,2
580806,1
31016,0
413829,1
756870,1
143748,1
371410,1
635903,1
802299,2
503759,-1
551958,1
572039,1
455134,2
362406,2
963412,1
531470,2
636253,0
944651,1
427180,1
40047,-1
756646,1
868867,1
46806,0
263830,2
633314,1
624146,1
186608,2
320618,1
758440,1
270228,2
430175,1
814171,1
171693,1
857540,1
720932,1
708437,-1
858604,2
635820,1
4239,0
698576,0
116331,0
784187,1
639868,1
82576,1
234906,2
245751,1
127334,1
119398,0
685534,0
724815,1
151056,1
738914,1
588207,2
872163,0
655645,2
853153,2
950674,2
40831,1
684671,2
740357,0
790477,1
5026,1
630330,1
663534,1
131915,2
546987,0
288011,0
64442,1
822682,1
786973,-1
152256,2
795545,1
408489,1
951909,0
676985,1
121489,1
229946,0
288141,1
776664,2
869686,1
404285,2
422279,1
824661,1
172001,1
421348,1
323015,2
363337,1
917635,1
79864,1
990837,1
892139,0
763676,1
590679,1
4480,1
736492,1
202530,1
319318,0
742197,1
69876,0
672721,0
659480,1
36991,1
276652,2
201341,0
352979,1
136482,1
406366,-1
884933,1
203509,2
514117,0
814067,1
763930,1
683156,1
976248,1
705950,1
75681,1
542957,1
447956,1
365914,0
453035,1
495380,1
587945,1
121005,1
969782,1
947617,1
916974,-1
396278,1
79804,2
479590,2
862413,0
933751,1
446507,1
70632,2
628188,0
364078,1
757507,1
41580,1
134024,1
268985,1
794518,1
347110,1
844327,1
629221,2
982400,0
487378,1
916139,2
861780,1
337974,1
874023,1
757856,0
817108,1
216979,2
28816,1
982286,-1
948143,1
667790,2
504026,1
62652,2
573756,0
454755,1
519097,2
319524,0
858982,2
650372,2
984061,1
885815,1
656367,1
549323,2
567976,1
133873,2
189577,1
284511,2
108273,1
661253,1
270816,1
876954,1
377672,1
178491,1
562993,1
529892,2
504315,1
900794,2
848454,1
636840,1
150117,1
596497,1
629178,0
699509,1
90778,2
25069,2
356654,1
177758,1
324491,1
350943,1
521266,0
864831,2
490058,2
306309,2
964410,1
576527,1
220718,1
655258,2
429407,1
475725,-1
139646,0
404662,1
677002,1
125069,1
746047,2
301900,1
985422,1
205155,0
216105,0
760750,1
404924,1
584020,1
113191,0
507371,0
675122,1
544223,1
927643,1
282785,1
749217,1
128064,2
218787,1
124340,1
225904,1
849153,2
976676,1
571516,1
63438,1
590266,0
275741,1
250733,0
127717,1
97658,1
459144,1
428681,1
199976,1
797898,1
830245,1
565101,1
653243,2
52272,1
150521,0
863414,2
873502,1
473811,1
559811,1
130729,1
642420,2
713976,2
491310,1
646943,0
793233,1
69231,1
638107,1
625904,1
547714,1
336266,1
140329,1
422984,0
84191,0
159288,1
67377,1
54838,0
111282,-1
213905,0
684550,1
138171,1
715524,1
810360,0
100018,1
774154,1
101021,0
638734,1
323758,1
627865,1
15424,1
432857,-1
767972,0
582492,-1
342419,0
701151,1
903098,1
755107,1
151625,1
806625,-1
134302,2
117011,1
11766,1
177524,-1
300594,1
5816,2
260077,1
470646,1
608759,2
145319,1
710444,1
893549,2
536630,1
227869,0
684416,2
410824,2
683311,1
472328,2
798244,2
544766,1
795458,1
642177,1
420572,1
135016,2
597441,1
450940,1
784686,0
952601,1
814922,1
487781,1
955739,0
357126,1
72379,1
718419,1
172496,1
208016,2
850699,0
529226,-1
216563,1
351539,1
233278,1
27464,2
160200,0
84124,2
568916,1
926709,1
780939,1
103080,1
633833,1
593103,1
343894,1
554834,1
159139,1
640061,2
463508,1
422309,1
659637,1
229370,1
323859,1
433652,1
500710,2
616953,1
733878,1
466696,1
653238,0
986373,1
206052,2
968186,2
231169,2
763659,-1
765826,1
432593,1
948554,1
4310,-1
813586,1
507849,1
125627,0
774088,1
796996,1
146793,1
920988,1
562229,0
170297,1
363784,-1
508898,1
979004,1
491820,2
972043,0
140990,1
369346,2
816502,1
544018,1
961847,2
145696,1
243660,1
206421,0
206587,1
793628,1
653633,0
760429,2
140319,1
841402,1
772633,1
601361,0
570336,1
592626,1
676035,1
206069,1
11896,1
191282,2
969745,2
290324,1
562344,1
622058,2
791473,0
333610,1
905405,1
850402,2
124500,1
65635,1
228256,1
470797,1
621588,1
841106,-1
627878,2
686028,1
891477,0
839292,-1
274851,0
382772,1
813007,1
247968,2
790866,1
577780,1
987678,1
384525,1
431365,1
985644,-1
798930,2
20244,1
651153,0
918711,2
39548,0
969839,1
119709,2
21752,1
840866,1
899293,2
650065,2
560377,1
948526,1
189505,1
49671,1
11622,1
925769,1
899701,1
881689,2
856566,2
774538,1
239930,2
294052,1
170027,0
369739,1
708600,2
726428,2
889841,0
465437,1
85415,1
934675,0
785891,1
25992,1
2193,1
639959,0
222569,1
862187,2
343805,1
536071,1
54883,-1
127691,1
673892,1
725607,1
844487,1
73318,1
155414,1
475402,0
406598,1
847118,1
260120,1
283313,2
364254,1
274349,1
376171,1
135150,1
343601,1
648326,2
4931,1
494000,1
409457,1
542390,1
808703,2
279188,1
56430,1
589394,2
316258,1
599175,2
566986,1
185948,2
194251,2
458786,1
40930,1
693756,2
77638,1
334036,2
318585,1
109431,1
678979,2
873396,2
680075,2
892874,1
783641,0
916013,0
563449,1
179927,1
664098,2
573408,2
680898,1
800405,1
554936,1
623653,-1
945655,0
565807,1
979783,1
303504,2
744187,2
560333,1
389073,1
154321,1
983225,1
295049,1
184387,1
107825,1
21500,1
700738,1
460041,2
804832,1
139393,1
973656,1
754365,0
34561,1
227098,1
371100,1
384326,2
562950,1
744214,0
489856,1
980254,2
83949,1
566775,1
146191,1
136882,1
190040,1
162964,1
668606,1
509935,0
925190,1
943127,1
325359,1
209366,-1
793605,1
358980,0
209357,1
731484,2
255878,1
934339,1
709836,1
966399,2
643897,2
473323,1
78233,1
460524,1
818298,1
608835,1
709025,2
595473,1
251707,2
235389,1
109665,1
271830,2
781673,2
214680,0
17790,1
344219,1
848575,2
602608,1
512774,1
387218,-1
883731,-1
673564,2
187710,-1
897924,1
28947,1
586546,1
842445,0
305227,1
511423,2
275213,1
889762,2
289013,0
754698,2
876391,1
18001,1
461533,0
849923,2
886450,1
336850,2
379516,2
52157,2
114409,2
960522,1
887546,1
164714,1
876178,-1
522588,1
428512,-1
18286,2
494735,1
882809,1
415612,0
940697,1
880807,2
686794,0
117961,1
267381,1
813396,1
167208,0
60580,2
262314,1
830534,2
858808,0
788504,1
990471,1
167819,2
608734,-1
454249,1
166868,1
856229,1
637345,1
26543,1
210184,2
779371,0
621320,0
520063,1
770978,2
286966,1
961684,1
902141,1
645413,1
873175,2
289859,-1
674411,1
751293,2
485933,0
851269,1
268376,1
528229,1
910722,1
232105,-1
52039,1
139475,1
150977,1
543336,1
560930,1
842703,1
915750,0
122228,2
846908,1
934880,1
371138,2
690639,1
595915,1
890743,1
565987,2
837115,2
431514,2
41214,1
981594,1
989545,2
264731,1
419174,1
287513,2
971058,1
275027,1
660989,2
761828,-1
760871,1
630810,1
534556,-1
486685,2
950511,1
526331,1
268779,2
817445,2
898317,0
654941,1
781743,0
233238,1
255441,1
375893,1
862580,1
922788,1
948445,1
872855,1
863222,1
199095,1
979440,1
882980,1
850729,0
768111,1
866402,1
692213,1
379626,1
281442,1
427954,1
559865,1
467991,-1
337831,1
354740,1
717188,0
996751,1
584709,2
164876,1
860254,1
88476,1
136474,0
720381,1
767039,1
396874,1
52751,1
305218,2
363728,-1
933449,-1
24058,2
381040,1
362956,0
508174,1
539999,1
854840,1
697247,1
922134,1
956167,1
952488,1
238822,1
415107,1
324615,1
791003,1
189248,1
527278,1
366083,2
421947,1
181757,1
861222,-1
91487,1
814890,1
533046,1
578004,1
439724,2
61965,1
984167,1
789019,1
931725,-1
218594,1
360369,-1
612511,0
646514,-1
196575,1
778114,1
114513,1
697444,1
797285,2
794440,1
222056,-1
514254,2
402399,2
749795,1
613079,0
835949,1
912403,-1
927129,0
918686,1
844127,0
881920,1
153203,-1
477155,1
506497,2
964349,1
920213,1
651357,1
650059,1
992063,2
276795,1
523283,2
236984,0
544843,1
427859,2
966685,1
416067,0
701584,0
936998,0
902894,1
331229,-1
453052,-1
687738,1
845715,1
124606,-1
862360,1
334346,0
34373,2
103968,1
461728,1
485490,1
480077,2
895708,2
20047,1
936888,1
282368,0
380528,2
539208,1
242024,1
834451,1
327462,2
110106,0
603496,1
421987,1
603017,0
322506,1
590931,1
125788,0
497391,1
427111,2
64218,1
720470,0
679723,0
246176,1
588602,1
368036,1
959314,2
75179,1
519376,1
493279,0
646341,0
864742,1
19105,-1
228082,1
83053,2
2759,0
366725,0
287983,1
672682,0
72200,1
85554,2
592067,1
539810,1
768262,2
796895,1
120777,1
702141,1
651687,2
745929,1
600250,1
358629,1
630527,1
909808,1
548852,1
110445,1
133231,2
372234,1
436217,1
231195,2
141314,1
275239,2
874885,2
534289,1
86680,1
583728,1
999600,1
856217,1
625142,1
768689,0
702455,2
591394,1
740954,0
902697,1
631060,2
918693,1
665134,0
28124,1
446787,2
612630,2
622599,1
266162,1
574100,1
189415,1
569056,0
506829,1
71568,1
93930,-1
562497,1
381388,1
65671,1
405731,0
596541,2
345778,0
637360,2
863595,2
222981,1
526628,1
963357,1
431298,0
499186,1
918517,1
613233,2
247559,2
39240,1
608440,1
781813,1
285120,1
348162,2
82257,1
371102,2
512976,1
895658,1
836645,1
294042,1
522552,1
555189,-1
976969,2
631688,1
513115,1
813225,1
868161,1
703622,2
417070,1
289664,2
903207,1
870314,1
211706,1
146582,1
446933,1
653972,0
286295,0
794366,1
54599,1
101665,1
876746,1
921657,1
116960,1
379636,-1
925702,1
523534,0
42235,1
155455,2
287892,1
812335,2
515657,1
977502,0
547368,1
259428,1
48386,0
759145,2
689783,1
496766,1
994419,1
158550,1
814917,2
362123,2
231880,-1
673417,1
259781,-1
793079,2
480598,1
782356,1
810651,1
556644,2
520201,1
79158,1
798704,1
450880,1
305189,1
801560,1
211875,2
610366,1
966499,2
915592,1
225958,1
330365,2
719192,0
219958,0
124077,0
428600,1
229802,1
995175,1
500477,1
380820,1
47393,-1
223510,1
677323,1
853804,1
117113,1
474371,2
70194,2
399132,0
522937,1
600674,1
75418,2
574046,2
242969,1
891643,1
617942,2
990340,1
377344,1
119020,0
975250,1
937307,1
934337,1
387019,1
129214,1
324276,1
744266,1
850061,1
207426,2
600189,2
469645,1
543628,1
294571,1
232967,-1
944752,2
75628,1
45814,1
35532,1
737328,1
760445,1
216663,1
120078,1
65001,2
297448,1
248187,2
339783,1
770586,2
869377,1
841527,1
338688,1
899045,2
847673,1
805936,1
424271,1
785493,2
281861,1
334356,1
201375,0
943209,2
400360,1
564486,1
90843,2
448828,1
620110,-1
60880,-1
21614,2
632618,2
234795,1
507673,2
447665,1
698001,1
322448,1
458845,1
471219,1
557522,1
895503,1
713658,1
432410,2
730326,1
428934,1
660505,2
526281,2
900786,1
57127,1
989597,1
126925,1
460788,1
986005,1
581131,2
345556,2
205856,1
556427,0
404016,2
647565,0
192878,1
384086,1
116593,1
797268,1
843687,0
567821,2
181502,0
877762,1
792028,1
41556,0
558616,1
168403,0
24103,1
846879,1
9097,1
354526,1
648361,1
372295,1
844805,-1
638126,2
826690,1
42385,1
232383,1
744311,1
757336,1
18013,1
950668,1
685730,-1
599977,-1
983079,1
963184,0
261125,2
80678,1
8507,2
353744,0
751470,1
138846,1
979276,1
460146,1
107109,1
959096,1
941603,1
551647,1
583074,1
677067,2
176539,-1
132089,1
7139,2
256580,2
860321,1
989997,1
155170,1
654755,1
450195,1
622190,0
727820,1
196096,1
726860,1
745213,1
520427,0
315184,1
542769,2
421909,-1
627550,2
382879,-1
238349,2
997412,1
350983,1
829610,1
435133,0
365740,1
696493,1
683807,1
155381,1
87416,1
804631,1
219811,2
900409,0
685099,1
330134,0
607332,0
525943,2
546289,1
533824,1
297447,1
104343,0
547752,1
102743,1
618484,2
738599,1
202071,1
577185,1
98837,2
591611,1
947313,1
453624,1
222679,1
405758,1
836772,2
852071,1
901815,1
227853,2
261513,1
609751,1
963147,2
824714,1
282819,0
233398,1
860191,2
572664,2
856448,1
864704,2
999535,0
328456,2
187232,1
758029,1
167232,-1
749852,1
23180,-1
385441,2
392972,1
122964,1
346584,1
492135,1
600314,1
935915,1
394325,1
144140,1
172371,2
128609,1
490545,1
561696,1
341830,2
448161,2
487512,1
302193,1
244709,1
36283,1
89825,1
494144,1
934472,1
247948,2
527907,1
10225,2
822164,2
6015,1
500114,0
195951,1
35377,2
28236,0
830808,2
71386,0
44068,1
219964,1
783867,2
405003,1
871624,1
375405,1
512535,1
514322,1
663158,2
612335,1
443429,1
309013,1
561007,1
315852,1
701274,1
978125,0
522401,1
838415,0
271764,1
395016,1
93815,1
185402,1
37577,1
16357,-1
165227,1
464374,2
841259,1
10964,1
108596,1
681123,1
617434,1
93558,1
179533,1
118669,1
498088,1
919251,1
399620,1
559587,0
514965,2
884305,1
688843,1
276506,1
136389,1
820167,1
672955,1
922171,1
419881,1
63963,1
114370,1
939333,0
858770,2
327676,0
794817,1
589332,2
104411,1
417274,1
571241,-1
307427,0
824924,1
786327,1
688770,1
516869,-1
619104,1
790088,1
255821,0
399472,1
989478,1
320830,2
11052,1
368781,1
426822,1
409587,1
469737,1
929591,2
837317,2
362035,1
757819,0
24298,1
417778,2
811700,2
106239,1
776121,2
448360,1
818495,1
560148,1
694843,2
577181,1
659970,-1
351019,2
81581,2
689068,1
954526,1
515558,1
619109,-1
638318,1
839702,1
380084,1
989346,0
5693,1
960037,1
352771,2
960667,1
19685,1
333870,1
586191,0
128246,1
107233,2
31194,0
645216,1
859724,1
685286,1
270294,1
762424,1
890959,-1
707476,2
48942,2
18648,1
54063,1
276176,2
924918,1
506078,2
207271,1
566564,1
947091,2
421611,2
197726,1
855499,2
978995,1
592103,1
71258,1
795472,1
244349,1
349032,2
554886,1
9227,2
613252,1
91854,1
626132,2
55760,1
588494,1
594425,1
831494,2
379149,1
685828,1
981792,1
974624,1
248518,-1
921577,-1
911512,1
356793,2
415342,1
77894,-1
143384,1
700590,1
355711,1
419720,1
167733,1
539389,0
382867,2
790449,0
645988,1
330434,1
223509,1
862017,2
762044,2
213179,1
36486,1
267021,2
784450,0
999179,1
267223,2
930689,0
871717,1
886725,1
411658,1
87301,1
519806,2
398616,1
679893,1
507368,2
911758,1
397382,0
537261,1
18918,1
892130,1
395731,1
372745,1
153749,1
117417,1
481454,2
206031,1
103883,2
413674,1
615975,0
739011,1
561802,2
434729,1
500748,1
378333,1
785159,1
455784,1
783223,1
402346,2
102009,1
674753,0
464700,0
682376,2
942439,1
685704,0
332222,1
707375,1
298692,1
321827,2
835543,1
851764,2
6493,1
663508,1
534347,1
425919,-1
20352,2
588526,1
186542,1
829942,1
292847,1
916693,1
940738,1
856698,1
409207,2
229872,1
898225,1
156205,1
532509,-1
55300,2
508203,1
672182,1
865907,2
140121,0
491207,1
894842,1
339326,0
650986,1
412974,2
86907,2
784575,0
448047,1
921313,1
557316,1
424710,1
873399,1
154550,1
3275,0
8553,2
579914,1
400424,0
633131,1
475049,1
9118,2
648134,0
348682,2
465858,2
774,1
397792,1
210434,1
721933,1
454586,1
546144,1
991410,1
801103,1
262399,1
580631,1
731050,1
748490,1
600894,2
846454,1
760698,1
717236,1
485246,1
993678,1
171637,1
101597,1
285882,-1
5616,1
346368,2
792945,1
281133,2
9339,1
872605,1
102270,1
408105,1
824388,1
314828,1
259708,1
69095,1
279545,2
356117,2
685097,1
670203,1
183571,2
886099,1
618623,2
269601,1
20667,1
69451,2
857920,1
458687,1
741990,-1
924222,1
470100,0
339028,0
74422,2
522061,1
256673,1
630484,0
84237,2
798585,1
966018,1
645872,1
666649,2
670121,1
908978,1
83551,2
86753,2
447135,2
932026,0
719775,1
289618,2
564674,0
414541,1
299947,1
718650,1
699676,-1
671628,2
70930,1
349945,1
839829,0
659920,0
848681,1
935123,2
891624,1
369712,2
675306,0
386260,1
991625,2
711945,0
601187,1
997492,2
528906,2
546269,2
592531,1
403368,1
391458,1
158731,2
519840,1
180290,1
387542,1
900215,1
320842,0
203336,-1
605178,2
848052,1
299003,0
614899,2
852066,1
213109,2
344685,2
634452,1
415026,1
819344,1
438719,1
701237,0
248202,1
180336,1
757425,-1
685996,1
477516,1
152388,2
967739,0
360301,1
18843,0
671985,1
966349,1
158599,1
648244,2
979273,1
740944,2
104560,2
244643,2
118639,2
608373,1
564102,2
289458,2
721463,2
34367,1
423296,1
192850,1
97723,1
876297,1
300928,-1
856749,2
400649,0
30997,1
400330,2
31858,0
505260,2
25917,1
74962,1
375721,1
283198,2
207542,1
531280,1
36002,1
526603,2
816243,1
208359,0
271770,1
773206,0
128419,1
383533,1
277164,2
570893,2
204193,1
340554,1
280951,2
335202,-1
290267,2
583098,0
599747,2
527125,0
649289,2
155133,-1
999337,1
315541,1
385344,1
793264,0
681512,1
819914,1
532008,1
754803,2
929756,1
151340,1
121451,0
397971,2
385197,2
8864,0
22245,1
567350,1
400507,1
614061,0
474081,2
804878,0
97454,1
741603,2
985175,1
682701,1
668314,2
48994,2
118379,1
977286,1
584189,2
379020,1
656067,2
718941,1
598666,1
902055,1
472072,1
688656,1
682129,2
846314,1
777438,1
972700,0
866517,2
479988,1
549249,2
895545,1
430512,1
475306,1
119654,1
448886,0
947688,1
977171,2
768574,0
779442,0
224772,1
823504,1
551935,1
340030,1
702232,1
38218,1
288508,2
958525,1
837008,1
839530,1
625784,0
826060,1
117075,1
407593,2
128241,-1
765410,2
361797,1
527056,1
952909,1
946323,1
978025,1
93492,1
107466,1
368933,2
25661,1
773943,1
478651,1
973547,2
760153,0
797449,1
3505,2
115301,0
688325,1
591174,1
608834,0
381754,1
449594,2
853832,1
912075,-1
972217,1
328192,1
521204,1
156546,1
919577,1
23726,1
668787,1
282362,2
671187,0
730288,1
463200,1
214432,0
522638,-1
766258,1
289110,1
378020,1
200602,0
640717,2
781999,1
162516,1
35511,1
609532,1
20341,-1
881889,2
154852,1
258825,-1
431585,-1
515116,2
282544,1
434264,1
597265,1
261202,1
143957,1
704857,2
716816,1
447504,1
426784,2
854280,2
968,1
517113,1
836263,1
768306,1
121580,2
847800,1
892153,1
714464,1
889272,0
485331,1
37884,1
988548,2
97946,0
854582,1
187586,1
418951,1
30477,0
565584,1
796704,1
816181,0
102085,1
819246,1
602526,1
141091,1
315126,2
228374,1
266574,1
332005,1
858372,2
170769,0
686512,0
826301,0
460887,-1
900412,1
186800,2
232322,1
372969,1
689357,1
730331,0
882510,1
652903,2
513912,1
584858,1
140392,2
760382,0
502541,1
234372,0
713750,2
541489,1
709243,1
865662,1
274856,2
349285,1
22726,1
695133,1
277596,1
648150,1
234764,2
236664,1
88512,1
341990,-1
419096,2
697422,1
471122,1
389686,1
471395,1
177472,1
563982,1
381821,0
933174,1
788882,1
52733,2
735482,1
963489,2
803989,1
233468,0
615533,2
926327,1
675364,2
10808,2
262207,0
990861,2
462990,1
679735,1
286038,2
679240,1
212325,0
171439,2
493912,2
633731,0
461911,1
210895,-1
101094,1
344687,-1
752110,0
262715,1
838076,0
24243,1
997743,1
250061,1
320915,-1
855009,0
517638,1
244724,2
434588,0
361332,2
315390,1
411820,2
52528,1
371285,1
293389,1
143999,1
669572,2
555340,2
736509,1
844263,1
486278,1
502842,0
274631,1
550752,0
262249,1
230445,1
663452,1
300827,1
475643,1
515243,1
112432,2
111738,-1
91804,1
373710,1
712306,1
620802,2
905883,1
539683,1
461153,2
117529,1
800429,1
5632,1
301662,1
355584,1
828856,2
433384,1
866638,1
237458,2
589339,1
110325,1
12338,1
953445,1
179066,1
761773,-1
421804,-1
57676,1
625682,1
607783,1
660301,2
603357,2
209608,1
423124,2
639664,1
737363,1
316885,-1
252067,1
431221,-1
101375,2
193669,1
302245,0
29594,0
756262,1
907412,1
699420,2
978948,1
739085,2
129457,1
577072,1
646086,1
493174,2
464110,1
847652,2
674888,1
367837,2
661570,0
828695,2
666991,-1
746524,0
752145,1
370239,1
463224,-1
50256,-1
132763,2
29100,1
741410,1
156911,1
926802,1
887230,1
232351,2
615024,1
404725,2
647508,1
512890,2
608876,0
722094,2
709256,1
362055,1
213344,1
892662,1
639129,1
969936,2
319052,-1
425992,2
873449,1
286813,1
932740,0
809525,2
35115,1
588412,1
868834,0
799261,1
488220,2
894401,1
869048,0
373809,2
589018,1
411471,1
628026,2
740533,-1
426480,1
575245,1
320479,2
962891,1
921336,1
718635,1
951437,0
245877,1
458539,2
355955,2
287607,0
598609,1
675062,1
89618,1
367725,1
463088,2
971858,1
305339,1
137699,0
837439,1
342636,2
771414,2
202794,2
124855,1
695821,1
804765,1
471639,1
614937,1
370933,0
556289,1
308931,1
115711,-1
83329,1
708522,0
697751,1
592498,1
494702,2
455278,1
829758,2
395383,0
834131,0
908245,1
940168,1
744703,2
461212,1
502437,-1
748597,2
19207,1
640952,2
376381,1
733706,-1
62737,1
646889,1
811340,1
673921,1
845999,1
341660,1
598084,1
480348,1
813359,-1
682430,1
35815,1
812407,2
471202,0
444747,2
354792,1
15020,2
182177,1
159289,1
243336,1
161164,1
981723,-1
479408,1
296852,1
410425,0
315213,1
389443,-1
932831,1
20869,2
239440,2
990854,1
16801,2
428372,1
75453,2
426704,1
430474,2
434534,2
455469,1
142818,0
572640,1
742977,1
817733,1
167005,1
512888,1
308101,1
48257,1
412178,1
865305,1
787757,2
420530,1
644096,2
675515,0
969497,1
580117,1
674016,1
960187,1
370544,1
54274,1
940963,1
165821,1
265559,1
957428,1
687781,0
737823,1
38004,-1
425605,1
406436,2
618776,1
835681,1
391843,1
302617,1
262073,2
855522,1
988275,1
518326,1
989811,1
143746,1
911977,1
700077,0
197109,1
83555,2
397147,2
231365,2
51154,0
965249,0
676201,1
648782,2
820939,1
75207,1
852388,1
267364,1
237639,-1
934677,1
197173,1
233651,2
888099,1
153579,0
765342,2
508085,2
149533,1
331060,1
329929,1
122873,1
864887,2
786702,0
911859,1
48221,0
659709,0
32885,-1
504235,2
213767,1
621192,1
912594,0
379243,1
18891,1
114948,1
15763,1
630062,2
464096,1
910016,1
308510,1
58637,0
640772,1
371751,1
660378,2
945722,1
159925,1
272649,1
475088,1
899001,0
71448,-1
208786,2
250178,1
10873,1
234581,1
509287,1
506065,1
10766,1
14862,1
243968,-1
965931,2
977311,1
485987,0
147452,1
283101,2
474391,-1
806238,1
245590,2
954725,1
835074,2
608823,1
718939,1
485109,1
55944,0
758318,1
770127,0
275151,2
39850,1
457885,2
621539,1
905347,-1
665780,2
597851,1
681336,2
833649,1
326916,-1
490604,1
292778,1
691382,-1
623300,0
498421,2
52213,0
54267,1
45249,2
71373,1
922836,1
349187,1
845557,2
328750,1
58818,1
289356,2
942246,0
931086,1
863021,1
199618,1
20724,1
459434,1
441072,1
991447,2
721993,1
480107,1
423224,2
530681,1
279205,1
341324,1
677573,1
306688,1
550129,2
678858,1
9720,2
915562,1
425432,2
192014,1
490098,2
651129,1
27755,0
704429,2
421863,-1
639247,0
364120,1
843592,1
183050,2
746424,2
836583,1
855944,2
426368,1
940241,1
832432,1
968554,1
782852,1
368168,2
675397,1
241586,1
811030,1
509453,1
289241,2
967787,1
250443,1
797956,-1
72055,0
441627,2
205593,1
207956,1
599211,1
86072,1
418887,2
915959,2
518660,2
63270,1
603327,1
728645,-1
340303,2
191937,1
893240,2
970278,1
157659,2
824785,0
777989,1
767634,1
279970,1
85610,-1
930336,2
742826,1
616453,1
372023,1
261952,1
324154,1
679691,1
545986,0
705224,1
564084,0
974299,1
810690,1
164276,1
355153,1
787567,1
372045,0
911647,1
28248,0
626032,2
935213,1
391065,1
943192,0
383921,1
792920,1
231420,1
778902,1
18131,1
839322,2
990302,1
842858,2
538403,0
659575,0
608170,2
681701,1
664766,1
418967,1
515197,1
869011,1
800343,1
111296,1
185242,1
271505,2
156788,1
258793,1
852331,1
857003,1
14603,2
71033,1
850564,0
673411,1
668047,2
675540,1
444294,0
779515,1
963782,1
557537,1
331382,2
411421,0
895826,1
178741,0
757876,1
564079,-1
276434,1
139876,1
615078,1
582082,2
621139,1
491133,1
733436,2
205015,2
691859,0
521516,1
66322,2
743819,1
918143,2
163464,1
80189,1
459928,1
475072,1
867481,0
55250,1
744132,1
128706,1
100297,0
467945,1
266711,0
51215,1
587635,0
864179,2
268107,2
764521,1
712925,1
526942,1
680465,2
370478,1
133969,2
181793,1
271592,1
512884,1
322452,2
627987,1
224925,2
574015,2
733373,2
692816,2
459903,1
272409,1
120169,1
271248,2
938053,2
23654,2
39595,0
405919,1
381055,2
129510,0
80843,1
372137,1
170884,1
728,2
842223,1
423258,1
673895,2
219850,2
899559,1
385581,1
410415,2
895131,1
994899,1
616800,-1
160078,0
456476,1
471672,1
655144,1
844550,0
801690,1
732823,1
649228,1
613613,1
532944,1
783254,1
427949,1
255138,2
661908,2
725928,1
388880,1
975898,2
605078,1
660768,2
149220,1
833749,0
819732,-1
950963,1
153785,2
895700,1
605036,0
321256,2
883569,1
561384,2
178073,1
595759,1
805712,0
461534,1
923041,1
145071,0
715581,2
824401,2
187699,1
930381,1
911802,1
130267,2
695389,2
695439,1
953794,1
26374,1
33876,0
542187,2
954789,-1
669951,1
565094,0
131808,2
454966,-1
850214,1
418284,1
547965,2
984,1
586828,-1
280658,2
989633,1
696416,1
942932,2
671542,1
961582,1
785238,0
381943,1
264177,-1
986798,1
757967,1
49068,1
1129,1
808661,1
892178,0
123411,-1
128384,1
764681,1
295056,1
279551,1
737331,1
534901,1
13055,-1
687365,0
781326,2
321986,0
999178,0
879637,1
487280,1
681932,2
330245,1
586344,1
350132,1
213127,0
587065,1
364769,2
343118,1
631678,-1
232928,1
463434,1
466342,1
572714,0
506974,1
177843,1
386646,0
778610,1
501621,1
724243,2
520994,1
388138,1
181300,2
240391,1
423233,1
258256,1
374632,1
936037,1
401746,1
880237,1
434923,1
808472,1
757470,0
343259,1
770545,1
34123,1
809003,-1
860283,1
196791,0
413991,2
98992,1
641991,1
321138,1
332820,2
786200,1
916197,1
973313,1
72131,2
992603,1
71555,2
448901,2
276277,1
423585,2
30818,1
861135,1
449183,0
977416,0
225968,1
78443,1
41106,1
124708,2
450012,1
522097,1
680157,2
879702,1
11184,1
175193,2
565184,1
613667,1
463266,1
926165,2
612020,2
423419,1
703645,1
977041,2
194121,1
933014,1
405189,1
714937,1
320535,1
268360,1
564834,1
951847,1
289794,1
175101,1
483015,1
999236,2
710719,1
433124,1
710338,2
521381,2
426943,1
595791,-1
990290,0
744053,1
662363,2
803618,1
702156,1
261611,1
90090,0
790727,2
964956,1
750617,1
125945,2
136055,2
233379,1
501937,1
978629,2
95463,1
7566,2
827384,2
23538,2
300023,2
659390,2
783743,2
388573,0
365814,1
859575,1
67444,2
878054,2
85741,1
259743,1
108335,0
732730,1
350654,2
636519,2
867382,1
530270,1
595113,1
569549,0
505187,1
91480,1
730726,1
462662,1
176280,1
993884,-1
89104,2
999107,1
451284,1
479440,0
128428,2
210025,1
155209,1
545909,-1
360636,1
320313,1
659975,1
686159,2
679674,1
722487,1
605334,0
543460,2
396527,1
663213,1
762490,1
692952,2
726147,2
518526,1
836928,1
212582,1
304468,1
498880,1
785309,1
785499,1
885373,1
531518,2
425696,1
627807,1
862388,1
117512,2
384110,1
962529,1
796313,0
274882,0
103547,1
229486,2
549007,1
817742,1
413174,2
57068,1
375467,1
829462,1
428013,1
652804,2
454107,1
171104,0
380104,1
714891,1
91614,2
615470,0
37652,0
327489,-1
230,2
748190,0
120610,0
768436,1
368963,1
872288,1
426403,0
432753,1
900220,0
245508,1
691301,0
300446,2
483349,1
883793,2
673652,1
452043,0
309067,1
553931,0
936127,0
760498,1
101058,2
280760,0
704978,1
99317,1
947944,1
365373,2
742570,0
248495,0
644026,1
25175,1
905241,1
569493,1
881472,0
160929,2
4933,1
916475,1
635696,1
942893,2
825484,1
475961,1
353909,1
595282,1
907280,0
940072,1
125946,1
134711,0
732924,0
103983,1
582094,2
634108,1
641966,1
185300,1
847565,1
86784,1
61247,2
274934,1
995820,1
105592,1
315519,2
67867,1
400295,1
518464,1
381166,1
857357,2
256877,1
451676,1
384240,1
575347,1
285169,2
609283,1
739267,0
637434,1
984550,0
897434,1
992498,1
853819,1
699259,1
133267,1
761849,2
458103,1
153827,1
421717,1
248898,1
83114,2
429811,2
277319,1
843087,1
230868,1
7292,1
110841,0
402402,2
7900,0
924100,1
659222,0
431200,1
914138,1
340655,1
320459,1
267764,1
773795,1
77432,1
756099,1
6319,2
88543,1
339385,1
495586,1
741568,0
114749,2
576494,0
875698,1
709469,2
381086,1
421272,1
815535,1
420290,2
588693,2
623807,1
920087,1
193832,1
117619,0
514418,-1
71991,0
924207,1
623736,2
342210,1
930333,1
495395,1
410093,2
622376,1
894369,1
551982,1
237287,2
528958,1
872546,-1
925712,1
59836,1
694012,0
255799,-1
755713,0
990483,1
123233,1
249373,1
436055,2
362709,1
284949,1
605416,1
15378,2
337456,1
586799,1
383292,2
114153,1
941139,2
65926,2
164225,0
801252,2
162631,1
861039,1
28999,-1
956964,0
923618,0
928978,2
621530,2
878987,2
698983,1
420051,2
478385,1
730867,2
248780,2
881269,2
741698,1
437334,1
630543,1
411122,2
985743,1
549130,2
416170,1
829541,1
686945,1
992837,1
525324,1
647425,2
917112,2
915907,1
142844,1
770801,1
414855,1
531043,1
217905,2
256454,1
546291,1
974739,1
459135,1
452000,1
403631,2
703761,2
835154,1
797622,1
669558,1
854752,0
37343,1
598323,2
119900,2
560832,1
346895,1
283063,1
122445,2
998651,1
845089,1
599469,-1
656566,1
405566,1
558046,0
358910,1
181102,1
846045,1
726517,2
318148,1
793130,2
908903,0
954544,1
785748,2
927940,1
761090,1
969517,1
123265,2
617023,0
564923,1
128301,1
875780,2
308531,1
887470,1
150090,1
311812,1
400270,1
585639,2
180461,1
553790,0
653521,1
766651,1
107116,1
631668,1
867327,2
869911,1
939798,1
474052,0
964763,1
279851,1
480651,1
931207,1
941645,2
170216,1
276916,1
628899,1
850677,1
10294,1
25803,0
274823,1
795023,0
77027,2
755110,1
342387,1
510231,2
139414,1
765496,2
309613,1
806874,0
961888,1
79030,1
937724,-1
951005,1
894970,1
93018,1
359476,1
621703,1
901651,2
683377,0
399131,2
356919,1
346927,1
747445,1
326395,-1
480501,1
517130,1
804016,1
330199,1
373854,1
701716,1
243413,1
911085,-1
115685,0
702231,0
884544,2
109902,1
60037,0
246888,1
216709,0
804846,1
356655,1
213681,1
540020,1
664903,1
634542,1
387997,-1
260793,2
620382,1
578857,2
313148,1
895609,1
105325,1
90618,1
475942,2
382813,1
914850,0
911405,1
814501,1
599004,1
423530,0
498970,1
928127,1
499222,2
865182,1
512271,0
877574,0
704061,0
412164,1
829120,2
354015,1
184100,2
575923,1
409519,-1
241748,1
672991,2
574965,1
997267,1
794924,0
645342,1
381332,1
798697,0
385476,1
109786,1
152180,1
55935,1
815326,1
632808,-1
712563,1
815332,0
485116,1
432306,1
832662,1
633913,1
50434,1
73776,1
44680,2
154554,2
286118,1
865530,1
810893,1
554921,2
977679,2
484019,1
837938,1
407693,1
72015,2
112673,1
386539,2
179864,1
399087,2
664586,1
520441,1
535522,2
538691,2
421243,1
767463,1
764169,2
379696,1
931097,2
82957,1
229052,1
61008,1
295793,1
136756,2
147329,0
680870,-1
797185,1
78330,0
688431,1
367653,2
981022,1
203083,1
389905,-1
485531,0
257612,1
917170,1
390170,1
733750,1
277225,1
694132,1
802130,1
667180,2
438985,1
280997,2
177629,1
656455,1
397205,1
168293,1
625319,-1
308267,1
810059,1
857697,0
544334,1
595583,1
286633,1
786447,0
579986,0
106953,1
487324,1
660169,2
772584,1
419305,1
74245,2
641058,2
898492,1
751392,1
876368,1
198577,1
85035,0
85596,1
255184,1
842932,1
875275,1
40609,-1
399654,2
173405,1
687224,1
691350,1
23291,0
642676,1
83873,2
253590,2
414627,2
788842,1
261725,1
491146,1
953331,1
826781,1
834559,1
575317,1
296926,1
99084,1
728959,2
377769,1
